gameid,league,split,playoffs,game,patch,blue_team,red_team,blue_ban1,blue_ban2,blue_ban3,blue_ban4,blue_ban5,red_ban1,red_ban2,red_ban3,red_ban4,red_ban5,blue_pick1,blue_pick2,blue_pick3,blue_pick4,blue_pick5,red_pick1,red_pick2,red_pick3,red_pick4,red_pick5,blue_win
6717-8996,LDL,Summer,1,1,10.16,LGD Gaming Young Team,FunPlus Phoenix Blaze,Nidalee,Rumble,Jayce,Bard,Thresh,Nocturne,Caitlyn,Graves,Alistar,Ornn,Renekton,Lillia,Qiyana,Kai'Sa,Leona,Volibear,Karthus,Lucian,Ashe,Nautilus,0
6717-8997,LDL,Summer,1,2,10.16,LGD Gaming Young Team,FunPlus Phoenix Blaze,Karthus,Lucian,Volibear,Nautilus,Bard,Nocturne,Caitlyn,Graves,Ornn,Fiora,Jayce,Lillia,Pantheon,Jhin,Blitzcrank,Renekton,Nidalee,Rumble,Ashe,Leona,1
6717-8998,LDL,Summer,1,3,10.16,FunPlus Phoenix Blaze,LGD Gaming Young Team,Nocturne,Caitlyn,Pantheon,Nautilus,Blitzcrank,Karthus,Lucian,Rumble,Ornn,Volibear,Jax,Graves,LeBlanc,Jhin,Bard,Renekton,Nidalee,Akali,Ashe,Pyke,1
6717-8999,LDL,Summer,1,4,10.16,LGD Gaming Young Team,FunPlus Phoenix Blaze,Karthus,Lucian,Volibear,Ashe,Jhin,Nocturne,Caitlyn,Graves,Alistar,Leona,Renekton,Lillia,Zoe,Ezreal,Braum,Ornn,Nidalee,LeBlanc,Senna,Pantheon,0
ESPORTSTMNT03/1443415,LCK,Summer,1,1,10.16,DAMWON Gaming,DRX,Lucian,Karma,Ashe,Irelia,Ekko,Pantheon,Sett,Twisted Fate,Hecarim,Zoe,Ornn,Volibear,Syndra,Caitlyn,Lux,Renekton,Lillia,Akali,Jhin,Pyke,1
ESPORTSTMNT03/1433615,LJL,Summer,1,1,10.16,Sengoku Gaming,DetonatioN FocusMe,Neeko,Caitlyn,Renekton,Gnar,Camille,Twisted Fate,Orianna,Morgana,Aatrox,Gangplank,Skarner,Graves,Zoe,Jhin,Thresh,Shen,Olaf,Heimerdinger,Senna,Leona,0
ESPORTSTMNT03/1443471,LCK,Summer,1,2,10.16,DRX,DAMWON Gaming,Pantheon,Twisted Fate,Ornn,Braum,Leona,Caitlyn,Lucian,Ashe,Ekko,Irelia,Volibear,Lillia,Jayce,Ezreal,Sett,Renekton,Nidalee,Syndra,Kalista,Alistar,0
ESPORTSTMNT03/1433631,LJL,Summer,1,2,10.16,DetonatioN FocusMe,Sengoku Gaming,Twisted Fate,Orianna,Zoe,Morgana,Bard,Neeko,Renekton,Caitlyn,Olaf,Hecarim,Shen,Nidalee,Heimerdinger,Senna,Leona,Gnar,Lillia,Azir,Jhin,Nautilus,1
ESPORTSTMNT03/1443478,VCS,Summer,1,1,10.16,Team Flash,GAM Esports,Tristana,Bard,Lucian,Sylas,Thresh,Kalista,Nidalee,Camille,Syndra,Kennen,Ornn,Lillia,Sett,Ezreal,Yuumi,Renekton,Karthus,Jayce,Ashe,Leona,1
ESPORTSTMNT06/1320882,TCL,Summer,1,1,10.16,5 Ronin,Papara SuperMassive,Nidalee,Zoe,Hecarim,Morgana,Galio,Kindred,Karthus,Taliyah,Lucian,Leona,Camille,Lillia,Orianna,Jhin,Nautilus,Ornn,Graves,Azir,Caitlyn,Tahm Kench,0
ESPORTSTMNT03/1433646,LJL,Summer,1,3,10.16,Sengoku Gaming,DetonatioN FocusMe,Neeko,Heimerdinger,Senna,Shen,Renekton,Twisted Fate,Zoe,Caitlyn,Morgana,Gnar,Ornn,Lillia,Lucian,Ashe,Pantheon,Volibear,Nidalee,Ziggs,Jhin,Leona,0
ESPORTSTMNT03/1443489,LCK,Summer,1,3,10.16,DAMWON Gaming,DRX,Lucian,Karma,Ashe,Gragas,Ornn,Sett,Twisted Fate,Caitlyn,Senna,Ezreal,Renekton,Nidalee,Akali,Draven,Pantheon,Shen,Lillia,Irelia,Kalista,Thresh,1
ESPORTSTMNT03/1443491,VCS,Summer,1,2,10.16,Team Flash,GAM Esports,Tristana,Lucian,Karthus,Bard,Renekton,Camille,Nidalee,Ezreal,Kennen,Ornn,Volibear,Lillia,Sett,Kalista,Taric,Jax,Kindred,Syndra,Caitlyn,Thresh,0
ESPORTSTMNT03/1443495,VCS,Summer,1,3,10.16,GAM Esports,Team Flash,Nidalee,Lillia,Ezreal,Graves,Syndra,Tristana,Lucian,Karthus,Sylas,Galio,Camille,Gragas,Jayce,Caitlyn,Bard,Ornn,Hecarim,Orianna,Aphelios,Nautilus,0
ESPORTSTMNT06/1320889,TCL,Summer,1,2,10.16,5 Ronin,Papara SuperMassive,Nidalee,Zoe,Ornn,Galio,Azir,Karthus,Taliyah,Kindred,Leona,Orianna,Jayce,Graves,Neeko,Ezreal,Karma,Shen,Hecarim,Vel'Koz,Caitlyn,Pantheon,0
ESPORTSTMNT03/1443502,VCS,Summer,1,4,10.16,Team Flash,GAM Esports,Tristana,Lucian,Karthus,Olaf,Kindred,Camille,Lillia,Ezreal,Aphelios,Kalista,Ornn,Nidalee,Orianna,Kai'Sa,Pantheon,Wukong,Zac,Syndra,Jhin,Sett,0
ESPORTSTMNT06/1320890,TCL,Summer,1,3,10.16,5 Ronin,Papara SuperMassive,Zoe,Nidalee,Hecarim,Tahm Kench,Morgana,Karthus,Taliyah,Kindred,Orianna,Lucian,Camille,Lillia,Pantheon,Jhin,Leona,Ornn,Graves,Galio,Caitlyn,Sett,1
ESPORTSTMNT03/1443504,VCS,Summer,1,5,10.16,GAM Esports,Team Flash,Camille,Lillia,Ezreal,Nautilus,Braum,Tristana,Lucian,Karthus,Wukong,Zac,Sylas,Fiddlesticks,Jayce,Jhin,Sett,Ornn,Trundle,Syndra,Aphelios,Gragas,0
ESPORTSTMNT06/1310860,LEC,Summer,1,1,10.16,Rogue,G2 Esports,LeBlanc,Sett,Zoe,Nautilus,Taric,Caitlyn,Lucian,Thresh,Azir,Syndra,Ornn,Hecarim,Akali,Ashe,Braum,Kayle,Graves,Orianna,Kalista,Leona,1
ESPORTSTMNT06/1320891,TCL,Summer,1,4,10.16,5 Ronin,Papara SuperMassive,Zoe,Hecarim,Tahm Kench,Morgana,Thresh,Karthus,Taliyah,Kindred,Jhin,Leona,Camille,Lillia,Pantheon,Ezreal,Braum,Ornn,Nidalee,Lucian,Caitlyn,Nautilus,1
ESPORTSTMNT06/1320892,LEC,Summer,1,2,10.16,Rogue,G2 Esports,LeBlanc,Sett,Zoe,Orianna,Azir,Caitlyn,Lucian,Thresh,Nautilus,Tahm Kench,Gangplank,Hecarim,Akali,Senna,Braum,Sion,Volibear,Syndra,Ashe,Taric,0
ESPORTSTMNT06/1320893,TCL,Summer,1,5,10.16,Papara SuperMassive,5 Ronin,Karthus,Taliyah,Camille,Renekton,Jayce,Zoe,Hecarim,Vel'Koz,Morgana,Thresh,Sion,Lillia,Azir,Caitlyn,Nautilus,Wukong,Kindred,Orianna,Ezreal,Leona,1
ESPORTSTMNT06/1310864,LEC,Summer,1,3,10.16,Rogue,G2 Esports,LeBlanc,Sett,Taric,Camille,Syndra,Caitlyn,Lucian,Hecarim,Ornn,Akali,Gangplank,Lillia,Azir,Aphelios,Thresh,Neeko,Graves,Zoe,Ashe,Nautilus,0
ESPORTSTMNT06/1310865,LEC,Summer,1,4,10.16,G2 Esports,Rogue,Lucian,Thresh,Gangplank,Shen,Renekton,Caitlyn,LeBlanc,Hecarim,Orianna,Zoe,Kennen,Sett,Irelia,Ashe,Leona,Ornn,Lillia,Akali,Kalista,Nautilus,0
ESPORTSTMNT06/1320895,LEC,Summer,1,5,10.16,Rogue,G2 Esports,LeBlanc,Ezreal,Ashe,Orianna,Zoe,Caitlyn,Lucian,Kalista,Gangplank,Sett,Aatrox,Lillia,Akali,Draven,Nautilus,Shen,Hecarim,Syndra,Senna,Thresh,0
ESPORTSTMNT03/1443527,LCS,Summer,1,1,10.16,Team SoloMid,Team Liquid,Shen,Kalista,Graves,Thresh,Morgana,Lucian,Caitlyn,Twisted Fate,Rakan,LeBlanc,Renekton,Nidalee,Syndra,Senna,Leona,Ornn,Lee Sin,Azir,Ashe,Braum,1
ESPORTSTMNT03/1443542,LCS,Summer,1,2,10.16,Team Liquid,Team SoloMid,Lucian,Nidalee,Shen,Orianna,Jayce,Graves,Kalista,Caitlyn,Lee Sin,Mordekaiser,Ornn,Hecarim,Twisted Fate,Ashe,Thresh,Sett,Olaf,Azir,Senna,Tahm Kench,1
ESPORTSTMNT03/1433695,CBLOL,Split 2,1,1,10.16,paiN Gaming,INTZ,Gragas,Bard,Volibear,Leona,Hecarim,Caitlyn,Graves,Kalista,Ashe,Jhin,Ornn,Lillia,Lucian,Draven,Nautilus,Kayle,Sett,Orianna,Senna,Tahm Kench,0
ESPORTSTMNT03/1433697,CBLOL,Split 2,1,2,10.16,INTZ,paiN Gaming,Kalista,Caitlyn,Orianna,Irelia,Camille,Gragas,Bard,Volibear,LeBlanc,Ryze,Renekton,Graves,Ahri,Senna,Nautilus,Shen,Lillia,Lucian,Ezreal,Leona,1
ESPORTSTMNT03/1443549,LCS,Summer,1,3,10.16,Team SoloMid,Team Liquid,Kalista,Shen,Graves,Lee Sin,Hecarim,Lucian,Nidalee,Renekton,Zilean,Orianna,Volibear,Olaf,Sylas,Caitlyn,Lux,Sett,Trundle,Twisted Fate,Ashe,Thresh,0
ESPORTSTMNT03/1443550,LCS,Summer,1,4,10.16,Team SoloMid,Team Liquid,Kalista,Thresh,Twisted Fate,Hecarim,Bard,Lucian,Nidalee,Caitlyn,Tahm Kench,Leona,Jayce,Shen,Syndra,Senna,Rakan,Ornn,Lillia,Zilean,Ashe,Nautilus,1
ESPORTSTMNT03/1433699,CBLOL,Split 2,1,3,10.16,INTZ,paiN Gaming,Kalista,Caitlyn,Graves,Olaf,Shen,Gragas,Bard,Senna,Trundle,Nautilus,Renekton,Skarner,Orianna,Ezreal,Leona,Volibear,Hecarim,LeBlanc,Ashe,Sett,0
ESPORTSTMNT03/1433700,CBLOL,Split 2,1,4,10.16,paiN Gaming,INTZ,Gragas,Bard,Senna,Nautilus,Taric,Graves,Caitlyn,Kalista,Zoe,Lucian,Shen,Hecarim,Orianna,Jhin,Sett,Camille,Volibear,Sylas,Ashe,Thresh,0
ESPORTSTMNT03/1443553,LCS,Summer,1,5,10.16,Team Liquid,Team SoloMid,Lucian,Nidalee,Senna,Hecarim,Jayce,Caitlyn,Kalista,Twisted Fate,Sylas,LeBlanc,Gangplank,Graves,Orianna,Jhin,Thresh,Irelia,Shen,Zilean,Ashe,Braum,0
ESPORTSTMNT03/1433717,LJL,Summer,1,1,10.16,V3 Esports,DetonatioN FocusMe,Heimerdinger,Renekton,Leona,Gnar,Rakan,Galio,Sett,Caitlyn,Thresh,Nautilus,Sion,Lillia,LeBlanc,Ashe,Pantheon,Shen,Nidalee,Neeko,Senna,Bard,1
ESPORTSTMNT03/1433722,LJL,Summer,1,2,10.16,DetonatioN FocusMe,V3 Esports,Galio,Sett,Sion,Lillia,Evelynn,Renekton,Heimerdinger,Caitlyn,Senna,Jhin,Shen,Nidalee,Neeko,Ezreal,Leona,Ornn,Lee Sin,LeBlanc,Ashe,Thresh,1
6718-9000,LDL,Summer,1,1,10.16,Invictus Gaming Young,Shu Dai Xiong Gaming,Sett,Lucian,Twisted Fate,Galio,Fizz,Caitlyn,Nidalee,Zoe,Taric,Bard,Renekton,Lillia,Jayce,Jhin,Pantheon,Jax,Graves,Corki,Ashe,Nautilus,1
ESPORTSTMNT03/1433726,LJL,Summer,1,3,10.16,V3 Esports,DetonatioN FocusMe,Heimerdinger,Renekton,Leona,Gnar,Nautilus,Galio,Sett,Caitlyn,Sion,LeBlanc,Gangplank,Lillia,Orianna,Ashe,Pantheon,Shen,Nidalee,Neeko,Jhin,Bard,0
6718-9001,LDL,Summer,1,2,10.16,Shu Dai Xiong Gaming,Invictus Gaming Young,Nidalee,Lillia,Jhin,Bard,Taric,Caitlyn,Lucian,Twisted Fate,Jax,Wukong,Camille,Olaf,Zoe,Aphelios,Thresh,Ornn,Graves,LeBlanc,Ashe,Nautilus,0
6718-9002,LDL,Summer,1,3,10.16,Invictus Gaming Young,Shu Dai Xiong Gaming,Sett,Lucian,Twisted Fate,Karthus,Olaf,Nidalee,Lillia,Caitlyn,Taric,Bard,Ornn,Graves,Zoe,Ezreal,Lux,Camille,Trundle,Fizz,Aphelios,Nautilus,1
ESPORTSTMNT03/1433729,LJL,Summer,1,4,10.16,DetonatioN FocusMe,V3 Esports,Galio,Sett,Sion,Evelynn,Blitzcrank,Heimerdinger,Leona,Neeko,Volibear,Morgana,Gnar,Nidalee,Azir,Caitlyn,Bard,Renekton,Lillia,Zoe,Ashe,Nautilus,0
ESPORTSTMNT03/1433733,LJL,Summer,1,5,10.16,V3 Esports,DetonatioN FocusMe,Heimerdinger,Neeko,Renekton,Pantheon,Bard,Galio,Sett,Caitlyn,Kalista,Ashe,Sion,Lillia,Zoe,Aphelios,Leona,Shen,Nidalee,Azir,Jhin,Rakan,1
ESPORTSTMNT06/1310886,LEC,Summer,1,1,10.16,G2 Esports,Fnatic,Lucian,Thresh,Senna,Evelynn,Lillia,Caitlyn,Hecarim,Sett,Akali,Sion,Camille,Shen,LeBlanc,Ashe,Braum,Gangplank,Gragas,Orianna,Jhin,Nautilus,1
ESPORTSTMNT06/1310889,LEC,Summer,1,2,10.16,Fnatic,G2 Esports,LeBlanc,Shen,Caitlyn,Mordekaiser,Camille,Lucian,Orianna,Thresh,Nautilus,Leona,Zilean,Hecarim,Corki,Senna,Pyke,Ornn,Sett,Sylas,Ashe,Lulu,0
ESPORTSTMNT06/1320904,LEC,Summer,1,3,10.16,Fnatic,G2 Esports,LeBlanc,Shen,Hecarim,Zoe,Akali,Lucian,Thresh,Orianna,Evelynn,Rengar,Ornn,Graves,Corki,Caitlyn,Bard,Vladimir,Sett,Syndra,Ashe,Nautilus,0
ESPORTSTMNT03/1433741,LCS,Summer,1,1,10.16,FlyQuest,Team SoloMid,Lucian,Nidalee,Twisted Fate,Hecarim,Leona,Thresh,Lillia,Shen,LeBlanc,Syndra,Ornn,Graves,Viktor,Caitlyn,Lux,Camille,Sett,Zilean,Ashe,Karma,0
ESPORTSTMNT03/1433748,LCS,Summer,1,2,10.16,FlyQuest,Team SoloMid,Lucian,Nidalee,Zilean,Camille,Volibear,Thresh,Lillia,Shen,Orianna,Syndra,Ornn,Graves,Azir,Caitlyn,Pantheon,Jax,Sett,Twisted Fate,Ashe,Bard,0
ESPORTSTMNT03/1433749,LCS,Summer,1,3,10.16,Team SoloMid,FlyQuest,Thresh,Shen,Lillia,Rakan,Mordekaiser,Nidalee,Caitlyn,Zilean,Jax,Lucian,Jayce,Sett,Twisted Fate,Ashe,Bard,Gangplank,Hecarim,Orianna,Senna,Nautilus,0
ESPORTSTMNT03/1433751,LCS,Summer,1,4,10.16,FlyQuest,Team SoloMid,Lucian,Nidalee,Zilean,Evelynn,Bard,Thresh,Lillia,Shen,Gangplank,Mordekaiser,Ornn,Volibear,Azir,Caitlyn,Pantheon,Jayce,Sett,Syndra,Ashe,Morgana,1
ESPORTSTMNT03/1433752,LCS,Summer,1,5,10.16,Team SoloMid,FlyQuest,Thresh,Lillia,Shen,Pantheon,Mordekaiser,Nidalee,Caitlyn,Zilean,Bard,Tahm Kench,Camille,Graves,Twisted Fate,Senna,Rakan,Gangplank,Sett,Orianna,Ashe,Leona,1
ESPORTSTMNT03/1433759,WCS,,0,1,10.16,Afreeca Freecs,KT Rolster,Azir,Senna,Twisted Fate,Braum,Renekton,Kalista,Caitlyn,Ashe,Miss Fortune,Aphelios,Wukong,Lillia,Orianna,Kai'Sa,Nautilus,Malphite,Nidalee,Lucian,Ezreal,Alistar,1
ESPORTSTMNT03/1433779,WCS,,0,2,10.16,KT Rolster,Afreeca Freecs,Kalista,Nautilus,Orianna,Karma,Zoe,Twisted Fate,Lillia,Caitlyn,Jayce,Irelia,Wukong,Nidalee,Azir,Yasuo,Senna,Lucian,Volibear,Gragas,Ezreal,Taric,0
ESPORTSTMNT03/1433782,WCS,,0,3,10.16,Afreeca Freecs,KT Rolster,Azir,Senna,Twisted Fate,Shen,Akali,Kalista,Caitlyn,Nautilus,Karma,Renekton,Camille,Lillia,Syndra,Ezreal,Sett,Mordekaiser,Hecarim,Orianna,Ashe,Lulu,1
ESPORTSTMNT01/1470633,LFL,Summer,0,1,10.16,GameWard,Team MCES,Lucian,Rek'Sai,Bard,Kalista,Tristana,Sett,Ezreal,Thresh,Lee Sin,Graves,Renekton,Lillia,Sylas,Ashe,Nautilus,Shen,Skarner,Akali,Jhin,Leona,1
ESPORTSTMNT01/1470636,LFL,Summer,0,1,10.16,IZI Dream,Vitality.Bee,Hecarim,Sett,Lucian,Irelia,Nautilus,Caitlyn,Akali,Rek'Sai,Thresh,Kha'Zix,Renekton,Volibear,Zoe,Ashe,Pantheon,Gnar,Lillia,Azir,Ezreal,Braum,1
ESPORTSTMNT01/1470640,LFL,Summer,0,1,10.16,GamersOrigin,Solary,Lillia,Senna,Akali,Thresh,Gnar,Kalista,Caitlyn,Orianna,Nautilus,Pantheon,Maokai,Graves,Syndra,Ashe,Blitzcrank,Ornn,Nidalee,Lucian,Ziggs,Bard,1
ESPORTSTMNT01/1470643,LFL,Summer,0,1,10.16,LDLC OL,Misfits Premier,Renekton,Kalista,Lucian,Neeko,Nautilus,Caitlyn,Zoe,Akali,Orianna,LeBlanc,Shen,Hecarim,Syndra,Ashe,Bard,Gangplank,Kindred,Azir,Senna,Sett,1
ESPORTSTMNT03/1443670,WCS,,0,1,10.16,T1,Afreeca Freecs,Kalista,Nautilus,Ezreal,Volibear,Sett,Azir,Twisted Fate,Lucian,Nidalee,Sylas,Renekton,Jarvan IV,Galio,Caitlyn,Lux,Akali,Hecarim,Ornn,Ashe,Blitzcrank,1
ESPORTSTMNT03/1443697,WCS,,0,2,10.16,Afreeca Freecs,T1,Azir,Twisted Fate,Akali,Thresh,Ekko,Lillia,Caitlyn,Nautilus,Nidalee,Alistar,Lucian,Sett,Syndra,Kalista,Taric,Renekton,Volibear,Zoe,Draven,Pantheon,1
ESPORTSTMNT03/1433822,PCS,Spring,0,1,10.16,Resurgence,Impunity,,,,,,,,,,,Mordekaiser,Graves,Lucian,Ashe,Nautilus,Camille,Gragas,Twisted Fate,Ezreal,Braum,1
ESPORTSTMNT03/1443700,WCS,,0,3,10.16,T1,Afreeca Freecs,Kalista,Nautilus,Lucian,Quinn,Jayce,Azir,Twisted Fate,Caitlyn,Kai'Sa,Draven,Renekton,Lillia,Zoe,Jhin,Bard,Shen,Hecarim,Orianna,Ezreal,Yuumi,1
ESPORTSTMNT03/1433823,PCS,Spring,0,2,10.16,Resurgence,Impunity,Kalista,Nidalee,Hecarim,Olaf,Zoe,Caitlyn,Graves,Lucian,Jhin,Senna,Ornn,Karthus,Sett,Ashe,Thresh,Irelia,Ekko,Sylas,Ezreal,Leona,0
ESPORTSTMNT03/1443702,WCS,,0,4,10.16,Afreeca Freecs,T1,Azir,Twisted Fate,Akali,Leona,Pantheon,Lucian,Lillia,Sett,Graves,Renekton,Wukong,Karthus,Ornn,Caitlyn,Nautilus,Mordekaiser,Volibear,Sylas,Jhin,Bard,0
ESPORTSTMNT03/1433825,PCS,Spring,0,3,10.16,Impunity,Resurgence,,,,,,,,,,,Vladimir,Kha'Zix,Lucian,Ezreal,Blitzcrank,Ryze,Graves,Zoe,Jhin,Thresh,1
ESPORTSTMNT03/1433827,PCS,Spring,0,4,10.16,Impunity,Resurgence,Nidalee,Azir,Hecarim,Jayce,Ornn,Kalista,Lucian,Caitlyn,Irelia,Vladimir,Wukong,Graves,Akali,Ashe,Leona,Renekton,Lillia,Twisted Fate,Senna,Sett,0
ESPORTSTMNT03/1433828,PCS,Spring,0,5,10.16,Resurgence,Impunity,Kalista,Nidalee,Sylas,Jax,Vladimir,Caitlyn,Lucian,Twisted Fate,Syndra,Azir,Renekton,Graves,Akali,Senna,Nautilus,Ornn,Hecarim,Orianna,Ezreal,Leona,0
ESPORTSTMNT01/1500573,LFL,Summer,0,1,10.16,GamersOrigin,Team MCES,Shen,Karthus,Akali,Syndra,Vel'Koz,Caitlyn,Ashe,Lillia,,Nautilus,Maokai,Nidalee,Lucian,Kalista,Galio,Sett,Hecarim,Malphite,Draven,Morgana,1
ESPORTSTMNT01/1500575,LFL,Summer,0,1,10.16,GameWard,LDLC OL,Hecarim,Lucian,Zoe,LeBlanc,Akali,Caitlyn,Renekton,Ashe,Galio,Cassiopeia,Rumble,Gragas,Sett,Ezreal,Leona,Shen,Lillia,Orianna,Kalista,Thresh,1
ESPORTSTMNT01/1500577,LFL,Summer,0,1,10.16,Vitality.Bee,Misfits Premier,Ashe,Kalista,Pantheon,Ezreal,Kai'Sa,Caitlyn,Ziggs,Sett,Senna,Jhin,Renekton,Hecarim,Galio,Miss Fortune,Thresh,Shen,Graves,Akali,Vayne,Braum,1
ESPORTSTMNT01/1500578,LFL,Summer,0,1,10.16,IZI Dream,Solary,Kindred,Cassiopeia,Lucian,Orianna,Tahm Kench,Rek'Sai,Caitlyn,Renekton,Gangplank,Thresh,Mordekaiser,Volibear,Akali,Ashe,Nautilus,Shen,Hecarim,Syndra,Senna,Alistar,1
ESPORTSTMNT03/1443715,WCS,,0,1,10.16,Gen.G,T1,Lucian,Caitlyn,Twisted Fate,Nidalee,Lillia,Kalista,Ashe,Ezreal,Miss Fortune,Xayah,Volibear,Graves,Azir,Senna,Sett,Renekton,Kindred,Ekko,Aphelios,Nautilus,1
ESPORTSTMNT03/1443731,WCS,,0,2,10.16,T1,Gen.G,Kalista,Azir,Volibear,Orianna,Akali,Lucian,Caitlyn,Twisted Fate,Lillia,Zoe,Jayce,Elise,Sylas,Ashe,Pantheon,Renekton,Nidalee,Sett,Ezreal,Braum,0
ESPORTSTMNT03/1443734,PCS,Spring,0,1,10.16,unknown team,Liyab Esports,Lillia,Nidalee,Ornn,Thresh,Nautilus,Jayce,Caitlyn,Lucian,Volibear,Jarvan IV,Wukong,Hecarim,Orianna,Senna,Shen,Renekton,Graves,Akali,Ashe,Sett,0
ESPORTSTMNT03/1443736,PCS,Spring,0,2,10.16,unknown team,Liyab Esports,Lillia,Nidalee,Graves,Renekton,Braum,Jayce,Caitlyn,Lucian,Lulu,Thresh,Camille,Trundle,Twisted Fate,Aphelios,Rakan,Shen,Sett,Akali,Ashe,Bard,0
ESPORTSTMNT03/1443737,WCS,,0,3,10.16,Gen.G,T1,Lucian,Caitlyn,Twisted Fate,Pantheon,Karma,Ashe,Kalista,Azir,Senna,Kai'Sa,Volibear,Nidalee,Ekko,Aphelios,Sett,Renekton,Lillia,Orianna,Ezreal,Alistar,1
ESPORTSTMNT03/1443739,PCS,Spring,0,3,10.16,unknown team,Liyab Esports,Lillia,Nidalee,Akali,Twisted Fate,Bard,Jayce,Caitlyn,Lucian,Wukong,Volibear,Shen,Sett,Orianna,Ashe,Karma,Renekton,Graves,Zoe,Jhin,Leona,0
ESPORTSTMNT04/1280151,EM,Summer,0,1,10.16,Team GamerLegion,Movistar Riders,Akali,Thresh,Caitlyn,Leona,Nautilus,Heimerdinger,Ziggs,Lucian,Taric,Pantheon,Renekton,Hecarim,Irelia,Swain,Maokai,Shen,Graves,Azir,Jhin,Bard,1
ESPORTSTMNT04/1290181,EM,Summer,0,1,10.16,SuppUp eSports,AGO ROGUE,Skarner,Gangplank,Caitlyn,Bard,Yuumi,Nautilus,Lucian,Hecarim,Kha'Zix,Nidalee,Shen,Graves,Galio,Senna,Leona,Mordekaiser,Sett,Orianna,Ezreal,Rakan,0
ESPORTSTMNT04/1290182,EM,Summer,0,1,10.16,Movistar Riders,AGO ROGUE,Akali,Shen,Lucian,Nautilus,Braum,Caitlyn,Hecarim,Ornn,Azir,Syndra,Gangplank,Graves,LeBlanc,Jhin,Thresh,Camille,Sett,Orianna,Ashe,Tahm Kench,0
ESPORTSTMNT04/1290183,EM,Summer,0,1,10.16,Team GamerLegion,SuppUp eSports,Nautilus,Thresh,Caitlyn,Cassiopeia,Renekton,Heimerdinger,Ziggs,Vel'Koz,Kai'Sa,Swain,Ornn,Hecarim,Irelia,Neeko,Gragas,Shen,Evelynn,Lucian,Ezreal,Braum,1
ESPORTSTMNT04/1290185,EM,Summer,0,1,10.16,SuppUp eSports,Movistar Riders,Kalista,Graves,Caitlyn,Olaf,Kindred,Galio,Lucian,Ashe,Shen,Camille,Kennen,Hecarim,Orianna,Senna,Nautilus,Ornn,Volibear,Azir,Ezreal,Leona,0
ESPORTSTMNT04/1290188,EM,Summer,0,1,10.16,AGO ROGUE,Team GamerLegion,Heimerdinger,Hecarim,Irelia,Vel'Koz,Cassiopeia,Thresh,Caitlyn,Akali,Braum,Leona,Mordekaiser,Evelynn,Lucian,Ashe,Tahm Kench,Ornn,Rengar,Galio,Jhin,Soraka,0
ESPORTSTMNT04/1280175,EM,Summer,0,1,10.16,LDLC OL,FC Schalke 04 Evolution,Sett,Akali,Shen,Volibear,Graves,Kalista,Lucian,Hecarim,Lillia,Nidalee,Renekton,Skarner,Orianna,Jhin,Leona,Ornn,Rek'Sai,LeBlanc,Ashe,Tahm Kench,1
ESPORTSTMNT04/1290199,EM,Summer,0,1,10.16,Samsung Morning Stars,K1ck Neosurf,Zoe,Ashe,Caitlyn,Aphelios,Thresh,Lucian,Senna,Lillia,Azir,Twisted Fate,Ornn,Graves,Kassadin,Ezreal,Bard,Renekton,Nidalee,Orianna,Kai'Sa,Nautilus,0
ESPORTSTMNT04/1280178,EM,Summer,0,1,10.16,LDLC OL,Samsung Morning Stars,Sett,Lillia,Ziggs,Syndra,Cassiopeia,Evelynn,Hecarim,Zoe,Jhin,Ashe,Renekton,Nidalee,Lucian,Ezreal,Bard,Ornn,Graves,Orianna,Caitlyn,Thresh,1
ESPORTSTMNT04/1290200,EM,Summer,0,1,10.16,K1ck Neosurf,FC Schalke 04 Evolution,Akali,Orianna,Shen,Gangplank,Leona,Nidalee,Renekton,Caitlyn,Azir,Thresh,Ornn,Kindred,Galio,Ashe,Braum,Sion,Graves,Zoe,Jhin,Nautilus,1
ESPORTSTMNT04/1290201,EM,Summer,0,1,10.16,FC Schalke 04 Evolution,Samsung Morning Stars,Lucian,Lillia,Azir,Orianna,Twisted Fate,Zoe,Caitlyn,Ezreal,Hecarim,Tahm Kench,Shen,Sett,Akali,Ashe,Nautilus,Rumble,Graves,Sion,Senna,Pantheon,0
ESPORTSTMNT04/1290202,EM,Summer,0,1,10.16,K1ck Neosurf,LDLC OL,Hecarim,Lucian,Shen,Senna,Kalista,Caitlyn,Ashe,Renekton,Graves,Lee Sin,Ornn,Kindred,Orianna,Ezreal,Braum,Camille,Skarner,Akali,Kai'Sa,Rakan,0
ESPORTSTMNT04/1290211,EM,Summer,0,1,10.16,WLGaming Esports,Misfits Premier,Lucian,Akali,Shen,Taric,Azir,Caitlyn,Graves,Sett,Malphite,Sion,Cho'Gath,Hecarim,Orianna,Senna,Thresh,Renekton,Nidalee,Sylas,Ashe,Tahm Kench,0
ESPORTSTMNT04/1280196,EM,Summer,0,1,10.16,7more7 Pompa Team,Vodafone Giants.Spain,Gangplank,Caitlyn,Lucian,Sion,Volibear,Senna,Akali,Shen,Camille,Malphite,Vladimir,Sett,LeBlanc,Jhin,Nautilus,Ornn,Nidalee,Galio,Ashe,Leona,0
ESPORTSTMNT04/1280199,EM,Summer,0,1,10.16,Misfits Premier,Vodafone Giants.Spain,Karthus,Nautilus,Shen,Ornn,Sion,Hecarim,Renekton,Thresh,Morgana,Camille,Volibear,Lee Sin,Syndra,Caitlyn,Lux,Gangplank,Nidalee,Akali,Ashe,Leona,0
ESPORTSTMNT04/1280201,EM,Summer,0,1,10.16,7more7 Pompa Team,WLGaming Esports,Nidalee,Caitlyn,Shen,Sylas,Cassiopeia,Akali,Senna,Camille,Pantheon,Malphite,Lucian,Lillia,Zed,Swain,Nautilus,Ornn,Graves,Taliyah,Ashe,Thresh,1
ESPORTSTMNT04/1280202,EM,Summer,0,1,10.16,Misfits Premier,7more7 Pompa Team,Akali,Nautilus,Ashe,Galio,Graves,Thresh,Shen,Lucian,Jax,Malphite,Renekton,Hecarim,Orianna,Caitlyn,Morgana,Camille,Volibear,Sylas,Ziggs,Bard,0
ESPORTSTMNT04/1280203,EM,Summer,0,1,10.16,Vodafone Giants.Spain,WLGaming Esports,Graves,Sett,Renekton,Aatrox,Taliyah,Caitlyn,Hecarim,Akali,Gangplank,Shen,Sion,Nidalee,Lucian,Aphelios,Nautilus,Camille,Lee Sin,Twisted Fate,Ashe,Leona,1
ESPORTSTMNT04/1280220,EM,Summer,0,1,10.16,GamersOrigin,Fnatic Rising,Qiyana,Hecarim,Taric,Galio,Leona,Thresh,Caitlyn,Kalista,Nautilus,Braum,Maokai,Graves,Syndra,Ashe,Sett,Lucian,Rek'Sai,Akali,Ezreal,Shen,1
ESPORTSTMNT04/1280221,EM,Summer,0,1,10.16,mousesports,Intrepid Fox Gaming,Cassiopeia,Evelynn,Irelia,Ashe,Malphite,Caitlyn,Urgot,Akali,Hecarim,Nocturne,Shen,Sett,Ekko,Kalista,Nautilus,Renekton,Lillia,Lucian,Draven,Thresh,1
ESPORTSTMNT04/1280225,EM,Summer,0,1,10.16,mousesports,GamersOrigin,LeBlanc,Orianna,Lucian,Gangplank,Cassiopeia,Akali,Kalista,Caitlyn,Sylas,Malphite,Shen,Hecarim,Ekko,Senna,Galio,Wukong,Graves,Zoe,Ashe,Nautilus,1
ESPORTSTMNT04/1280226,EM,Summer,0,1,10.16,Intrepid Fox Gaming,Fnatic Rising,Taric,Qiyana,Lucian,Akali,LeBlanc,Thresh,Evelynn,Cassiopeia,Mordekaiser,Braum,Camille,Kha'Zix,Sylas,Ezreal,Yuumi,Shen,Hecarim,Zoe,Kalista,Galio,0
ESPORTSTMNT04/1280227,EM,Summer,0,1,10.16,Intrepid Fox Gaming,GamersOrigin,LeBlanc,Lucian,Orianna,Lux,Morgana,Cassiopeia,Evelynn,Hecarim,Ashe,Kalista,Shen,Lillia,Irelia,Jhin,Leona,Maokai,Graves,Akali,Caitlyn,Nautilus,0
ESPORTSTMNT04/1280229,EM,Summer,0,1,10.16,Fnatic Rising,mousesports,Thresh,Caitlyn,Akali,Urgot,Sett,Lucian,Shen,Kalista,LeBlanc,Zoe,Kennen,Hecarim,Qiyana,Ashe,Taric,Vladimir,Jarvan IV,Sylas,Senna,Galio,0
